task_id,event_summary,first_public_at,evidence_url,content_sha256,evidence_rationale,manual_review_eligible,direction_link,reviewer
B-EARN-00001,公司发布2024年第三季度财报，营收同比增长28%，净利润42亿元，显著高于市场一致预期。,2025-01-21T07:00:00Z,https://static.cninfo.com.cn/finalpage/2025-01-21/1222389705.PDF,583b3a784bb7255a4a6563dd3781d776944d0d4006fe4ea9303cc3403d1b3e03,Evidence URL contains a later publication date than seed release timestamp; first_public_at is pinned to the earliest date visible in the first-party URL path.,是,observed up excess return available from 2025-01-16 close,DeepFinEval audit
B-EARN-00002,公司披露年报，白酒销量略低于市场预期，直营渠道增速放缓。,2025-04-03T07:00:00Z,https://static.cninfo.com.cn/finalpage/2025-04-03/1222993920.PDF,5299f4940e2ce4e91084b73dc457d558b9d335fa76fbfee6227e4254eb7f4a30,Evidence URL contains a later publication date than seed release timestamp; first_public_at is pinned to the earliest date visible in the first-party URL path.,是,observed down excess return available from 2025-03-31 close,DeepFinEval audit
B-EARN-00003,一季报显示净利率同比提升，费用率下降，业绩好于一致预期。,2025-04-26T07:00:00Z,https://static.cninfo.com.cn/finalpage/2025-04-26/1223311527.PDF,b737191a758994a35e9442d46847de771fe48b758feb9a7f35601def922435e7,Evidence URL contains a later publication date than seed release timestamp; first_public_at is pinned to the earliest date visible in the first-party URL path.,是,observed up excess return available from 2025-04-23 close,DeepFinEval audit
B-EARN-00004,中报显示寿险新业务价值低于预期，投资收益承压。,2025-08-20T07:00:00Z,https://static.cninfo.com.cn/finalpage/2025-08-20/1224519435.PDF,b4cfb0c3decb2046dd879cafc8e01e4d3e92498245fa1254ea5565ef145d6d46,Missing official event evidence.,是,observed down excess return available from 2025-08-21 close,DeepFinEval audit
B-EARN-00005,三季报新能源汽车销量与毛利率双双超预期，海外收入占比提升。,2025-10-31T07:00:00Z,https://static.cninfo.com.cn/finalpage/2025-10-31/1224776127.PDF,f811d53ccf948c7119c90f423b08a6f8dd8a24b738ab063f612ab17d66725593,Evidence URL contains a later publication date than seed release timestamp; first_public_at is pinned to the earliest date visible in the first-party URL path.,是,observed up excess return available from 2025-10-31 close,DeepFinEval audit
B-EARN-CN_A-20231019-300750,宁德时代（300750）发布财报，EPS 实际 2.14，一致预期 2.64，surprise -18.77%。,2023-10-20T07:00:00Z,https://static.cninfo.com.cn/finalpage/2023-10-20/1218095874.PDF,7681bd022913880699d1c58c404ae8c5a526f891f4275851b09b5da19f82cad3,Evidence URL contains a later publication date than seed release timestamp; first_public_at is pinned to the earliest date visible in the first-party URL path.,是,observed down excess return available from 2023-10-20 close,DeepFinEval audit
B-EARN-CN_A-20231020-600519,贵州茅台（600519）发布财报，EPS 实际 13.42，一致预期 13.67，surprise -1.83%。,2023-10-21T07:00:00Z,https://static.cninfo.com.cn/finalpage/2023-10-21/1218110141.PDF,cd3dfa7c07f692a2173639acd08e2153ba80a4e9070a5e189fcf16831050a7d3,Evidence URL contains a later publication date than seed release timestamp; first_public_at is pinned to the earliest date visible in the first-party URL path.,是,observed up excess return available from 2023-10-23 close,DeepFinEval audit
B-EARN-CN_A-20231025-600276,恒瑞医药（600276）发布财报，EPS 实际 0.19，一致预期 0.21，surprise -7.32%。,2023-10-26T07:00:00Z,https://static.cninfo.com.cn/finalpage/2023-10-26/1218148216.PDF,885adb47f8c608b766e950d4a1b3a1a097ca4777c08581aba9bd8a8ab55afdf4,Evidence URL contains a later publication date than seed release timestamp; first_public_at is pinned to the earliest date visible in the first-party URL path.,是,observed up excess return available from 2023-10-26 close,DeepFinEval audit
B-EARN-CN_A-20231027-000858,五粮液（000858）发布财报，EPS 实际 1.5，一致预期 1.41，surprise 6.38%。,2023-10-28T07:00:00Z,https://static.cninfo.com.cn/finalpage/2023-10-28/1218182838.PDF,cb48e5c3588062309e966f6e7df840587f18e9561d916b798ab5067ac544a29e,Evidence URL contains a later publication date than seed release timestamp; first_public_at is pinned to the earliest date visible in the first-party URL path.,是,observed up excess return available from 2023-10-30 close,DeepFinEval audit
B-EARN-CN_A-20231028-601318,中国平安（601318）发布财报，EPS 实际 0.88，一致预期 1.38，surprise -36.23%。,2023-10-28T07:00:00Z,https://static.cninfo.com.cn/finalpage/2023-10-28/1218186509.PDF,2a48dc04bf93c559cd2fdab6f955fedea32bc58a267bc3b18153f2740f6a6be8,Missing official event evidence.,是,observed up excess return available from 2023-10-30 close,DeepFinEval audit
B-EARN-CN_A-20231028-601398,工商银行（601398）发布财报，EPS 实际 0.28，一致预期 0.27，surprise 3.70%。,2023-10-28T07:00:00Z,https://static.cninfo.com.cn/finalpage/2023-10-28/1218190968.PDF,5191da3252084421b0396ed795997d8b1ba223712e1d0349eb2db3bb9c6f155a,Missing official event evidence.,是,observed down excess return available from 2023-10-30 close,DeepFinEval audit
B-EARN-CN_A-20231030-000333,美的集团（000333）发布财报，EPS 实际 1.39，一致预期 1.38，surprise 0.43%。,2023-10-31T07:00:00Z,https://static.cninfo.com.cn/finalpage/2023-10-31/1218202543.PDF,9910e4fbd94e54710da10432ca691bfd79b2fb824b723604a4d563ea8232a341,Evidence URL contains a later publication date than seed release timestamp; first_public_at is pinned to the earliest date visible in the first-party URL path.,是,observed down excess return available from 2023-10-31 close,DeepFinEval audit
B-EARN-CN_A-20231030-002594,比亚迪（002594）发布财报，EPS 实际 1.11，一致预期 0.86，surprise 28.65%。,2023-10-31T07:00:00Z,https://static.cninfo.com.cn/finalpage/2023-10-31/1218200103.PDF,61f893148a6de41d46058ff296a1aa56b733cad49633a001e207d5da2ee55cda,Evidence URL contains a later publication date than seed release timestamp; first_public_at is pinned to the earliest date visible in the first-party URL path.,是,observed down excess return available from 2023-10-31 close,DeepFinEval audit
B-EARN-CN_A-20240119-600036,招商银行（600036）发布财报，EPS 实际 1.19，一致预期 1.13，surprise 5.31%。,2024-01-20T07:00:00Z,https://static.cninfo.com.cn/finalpage/2024-01-20/1218955727.PDF,d9232e6f46587349165f3d421c2bfe772845bc889f35d08e966f0dc017bd7422,Evidence URL contains a later publication date than seed release timestamp; first_public_at is pinned to the earliest date visible in the first-party URL path.,是,observed up excess return available from 2024-01-22 close,DeepFinEval audit
B-EARN-CN_A-20240808-600519,贵州茅台（600519）发布财报，EPS 实际 14.02，一致预期 14.22，surprise -1.41%。,2024-08-09T07:00:00Z,https://static.cninfo.com.cn/finalpage/2024-08-09/1220825189.PDF,898b37d6529d0042aa66461bae11b84a47f9337c2ff1d572155bfa71fca77c58,Evidence URL contains a later publication date than seed release timestamp; first_public_at is pinned to the earliest date visible in the first-party URL path.,是,observed up excess return available from 2024-08-09 close,DeepFinEval audit
B-EARN-CN_A-20240819-000333,美的集团（000333）发布财报，EPS 实际 1.59，一致预期 1.54，surprise 3.53%。,2024-08-20T07:00:00Z,https://static.cninfo.com.cn/finalpage/2024-08-20/1220909926.PDF,29987795727aa66db08035eb9eff80eaf5622940fadcf05d44bca31cd2f47521,Evidence URL contains a later publication date than seed release timestamp; first_public_at is pinned to the earliest date visible in the first-party URL path.,是,observed up excess return available from 2024-08-20 close,DeepFinEval audit
B-EARN-CN_A-20240821-600276,恒瑞医药（600276）发布财报，EPS 实际 0.32，一致预期 0.19，surprise 68.42%。,2024-08-22T07:00:00Z,https://static.cninfo.com.cn/finalpage/2024-08-22/1220938296.PDF,235cb298c4c92df1306e72c109e0672b7ca7b9bec1674810951b77ba5acec246,Evidence URL contains a later publication date than seed release timestamp; first_public_at is pinned to the earliest date visible in the first-party URL path.,是,observed up excess return available from 2024-08-22 close,DeepFinEval audit
B-EARN-CN_A-20240822-601318,中国平安（601318）发布财报，EPS 实际 2.18，一致预期 1.61，surprise 35.40%。,2024-08-23T07:00:00Z,https://static.cninfo.com.cn/finalpage/2024-08-23/1220953911.PDF,9e9fd193d13ffa26d87fffc28b88104e83b6453ad750daaf414e6971fc5bfcd0,Evidence URL contains a later publication date than seed release timestamp; first_public_at is pinned to the earliest date visible in the first-party URL path.,是,observed up excess return available from 2024-08-23 close,DeepFinEval audit
B-EARN-CN_A-20240828-000858,五粮液（000858）发布财报，EPS 实际 1.29，一致预期 1.29，surprise 0.30%。,2024-08-29T07:00:00Z,https://static.cninfo.com.cn/finalpage/2024-08-29/1221032897.PDF,609a9a8894b84dadff9f0d5dc43b40df1ddff9513923ca25bbb89971cfc8612e,Evidence URL contains a later publication date than seed release timestamp; first_public_at is pinned to the earliest date visible in the first-party URL path.,是,observed up excess return available from 2024-08-29 close,DeepFinEval audit
B-EARN-CN_A-20240828-002594,比亚迪（002594）发布财报，EPS 实际 1.13，一致预期 0.8，surprise 42.03%。,2024-08-29T07:00:00Z,https://static.cninfo.com.cn/finalpage/2024-08-29/1221030552.PDF,769e9fc195141e7f525d65f0daa308d441c7e39408f0dd584a3722cfc8a306ba,Evidence URL contains a later publication date than seed release timestamp; first_public_at is pinned to the earliest date visible in the first-party URL path.,是,observed down excess return available from 2024-08-29 close,DeepFinEval audit
B-EARN-CN_A-20240829-600036,招商银行（600036）发布财报，EPS 实际 1.37，一致预期 1.37，surprise 0.36%。,2024-08-30T07:00:00Z,https://static.cninfo.com.cn/finalpage/2024-08-30/1221051750.PDF,e8a2461f607a3929266d8ea08617155b15e3045769e254cc3d99ae3b647ca773,Evidence URL contains a later publication date than seed release timestamp; first_public_at is pinned to the earliest date visible in the first-party URL path.,是,observed down excess return available from 2024-08-30 close,DeepFinEval audit
B-EARN-CN_A-20240830-601398,工商银行（601398）发布财报，EPS 实际 0.22，一致预期 0.23，surprise -4.35%。,2024-08-31T07:00:00Z,https://static.cninfo.com.cn/finalpage/2024-08-31/1221087759.PDF,5a2bb734631510b479cd6dcd7d9d9ff578614ccdd252cd84d091009eae5da02d,Evidence URL contains a later publication date than seed release timestamp; first_public_at is pinned to the earliest date visible in the first-party URL path.,是,observed down excess return available from 2024-09-02 close,DeepFinEval audit
B-EARN-CN_A-20250414-300750,宁德时代（300750）发布财报，EPS 实际 2.69，一致预期 2.55，surprise 5.65%。,2025-04-15T07:00:00Z,https://static.cninfo.com.cn/finalpage/2025-04-15/1223094849.PDF,55e17a28dc23b45def5d8383aa9c084b90110ef51ab5afa209856545ee2e62a0,Evidence URL contains a later publication date than seed release timestamp; first_public_at is pinned to the earliest date visible in the first-party URL path.,是,observed up excess return available from 2025-04-15 close,DeepFinEval audit
B-EARN-CN_A-20250424-600276,恒瑞医药（600276）发布财报，EPS 实际 0.3，一致预期 0.21，surprise 42.86%。,2025-04-25T07:00:00Z,https://static.cninfo.com.cn/finalpage/2025-04-25/1223274888.PDF,84e0d61c0226b0759a49af21408217463861c8f76478e04d4c3d805eb388e721,Evidence URL contains a later publication date than seed release timestamp; first_public_at is pinned to the earliest date visible in the first-party URL path.,是,observed down excess return available from 2025-04-25 close,DeepFinEval audit
B-EARN-CN_A-20250425-000858,五粮液（000858）发布财报，EPS 实际 3.83，一致预期 3.86，surprise -0.74%。,2025-04-26T07:00:00Z,https://static.cninfo.com.cn/finalpage/2025-04-26/1223311527.PDF,b737191a758994a35e9442d46847de771fe48b758feb9a7f35601def922435e7,Evidence URL contains a later publication date than seed release timestamp; first_public_at is pinned to the earliest date visible in the first-party URL path.,是,observed up excess return available from 2025-04-28 close,DeepFinEval audit
B-EARN-CN_A-20250425-002594,比亚迪（002594）发布财报，EPS 实际 0.93，一致预期 0.5，surprise 86.90%。,2025-04-26T07:00:00Z,https://static.cninfo.com.cn/finalpage/2025-04-26/1223309368.PDF,6ae70e06d80b96f3ae790583c5eb861d01e08cb738eee1152ef1269ad2609db6,Evidence URL contains a later publication date than seed release timestamp; first_public_at is pinned to the earliest date visible in the first-party URL path.,是,observed down excess return available from 2025-04-28 close,DeepFinEval audit
B-EARN-CN_A-20250429-000333,美的集团（000333）发布财报，EPS 实际 1.67，一致预期 1.35，surprise 23.93%。,2025-04-30T07:00:00Z,https://static.cninfo.com.cn/finalpage/2025-04-30/1223412432.PDF,d99c61dec30e4fe226734c95ec5aa5508b1e994ed9e234a26846c7abcb147c21,Evidence URL contains a later publication date than seed release timestamp; first_public_at is pinned to the earliest date visible in the first-party URL path.,是,observed up excess return available from 2025-04-30 close,DeepFinEval audit
B-EARN-CN_A-20250429-600036,招商银行（600036）发布财报，EPS 实际 1.48，一致预期 1.52，surprise -2.63%。,2025-04-30T07:00:00Z,https://static.cninfo.com.cn/finalpage/2025-04-30/1223412232.PDF,6df8ad7c68e7dfba52aa6404ac6bce5576633d22f242a19a625a28b335e53baf,Evidence URL contains a later publication date than seed release timestamp; first_public_at is pinned to the earliest date visible in the first-party URL path.,是,observed down excess return available from 2025-04-30 close,DeepFinEval audit
B-EARN-CN_A-20250429-600519,贵州茅台（600519）发布财报，EPS 实际 21.37，一致预期 20.63，surprise 3.61%。,2025-04-30T07:00:00Z,https://static.cninfo.com.cn/finalpage/2025-04-30/1223413786.PDF,f3197b2a4ef7b617bec762b99613eecaf8ea27d1950d4bed5e9ce5f1943d1128,Evidence URL contains a later publication date than seed release timestamp; first_public_at is pinned to the earliest date visible in the first-party URL path.,是,observed down excess return available from 2025-04-30 close,DeepFinEval audit
B-EARN-CN_A-20250429-601398,工商银行（601398）发布财报，EPS 实际 0.23，一致预期 0.24，surprise -4.17%。,2025-04-30T07:00:00Z,https://static.cninfo.com.cn/finalpage/2025-04-30/1223415487.PDF,4443b73a09dded5034ec9531e667c94f056b9e032f8b286b78f90da79e9fad5a,Evidence URL contains a later publication date than seed release timestamp; first_public_at is pinned to the earliest date visible in the first-party URL path.,是,observed down excess return available from 2025-04-30 close,DeepFinEval audit
B-EARN-CN_A-20260123-600036,招商银行（600036）发布财报，EPS 实际 1.27，一致预期 1.47，surprise -13.61%。,2026-01-24T07:00:00Z,https://static.cninfo.com.cn/finalpage/2026-01-24/1224947770.PDF,fa01d2f63047bad9e77fd40cd934b97e84799514923f7396d47c981e3fabcd06,Evidence URL contains a later publication date than seed release timestamp; first_public_at is pinned to the earliest date visible in the first-party URL path.,是,observed up excess return available from 2026-01-26 close,DeepFinEval audit
B-EARN-CN_A-20260309-300750,宁德时代（300750）发布财报，EPS 实际 4.62，一致预期 4.01，surprise 15.03%。,2026-03-10T07:00:00Z,https://static.cninfo.com.cn/finalpage/2026-03-10/1225002214.PDF,c15272977147dee7e6935a38ea0e4fd6855370aabb106f54cfe20f7cf6048ec9,Evidence URL contains a later publication date than seed release timestamp; first_public_at is pinned to the earliest date visible in the first-party URL path.,是,observed up excess return available from 2026-03-10 close,DeepFinEval audit
B-EARN-CN_A-20260325-600276,恒瑞医药（600276）发布财报，EPS 实际 0.29，一致预期 0.35，surprise -16.06%。,2026-03-26T07:00:00Z,https://static.cninfo.com.cn/finalpage/2026-03-26/1225032585.PDF,fae80e2d132f5b6f2bfbb8bcdfd40e1267edb91d689389d63c8e291b0856ace6,Evidence URL contains a later publication date than seed release timestamp; first_public_at is pinned to the earliest date visible in the first-party URL path.,是,observed down excess return available from 2026-03-26 close,DeepFinEval audit
B-EARN-CN_A-20260327-002594,比亚迪（002594）发布财报，EPS 实际 0.98，一致预期 1.42，surprise -30.99%。,2026-03-28T07:00:00Z,https://static.cninfo.com.cn/finalpage/2026-03-28/1225045351.PDF,710d8b2e08e37ba521f1c4071d2c3e2369d3cadabc21a45073215d9f72138b0b,Evidence URL contains a later publication date than seed release timestamp; first_public_at is pinned to the earliest date visible in the first-party URL path.,是,observed up excess return available from 2026-03-30 close,DeepFinEval audit
B-EARN-CN_A-20260327-601398,工商银行（601398）发布财报，EPS 实际 0.24，一致预期 0.28，surprise -14.29%。,2026-03-28T07:00:00Z,https://static.cninfo.com.cn/finalpage/2026-03-28/1225047240.PDF,e2edab73032f143aad881f612382bc613c8b96b424bb197b125d64a0ef23c78b,Evidence URL contains a later publication date than seed release timestamp; first_public_at is pinned to the earliest date visible in the first-party URL path.,是,observed up excess return available from 2026-03-30 close,DeepFinEval audit
B-EARN-CN_A-20260330-000333,美的集团（000333）发布财报，EPS 实际 0.6，一致预期 0.76，surprise -21.05%。,2026-03-31T07:00:00Z,https://static.cninfo.com.cn/finalpage/2026-03-31/1225065145.PDF,16f95f70527db59dcf2736f276a9479cf7ee917e5f71e4f6cbbe83acbad9f4b6,Evidence URL contains a later publication date than seed release timestamp; first_public_at is pinned to the earliest date visible in the first-party URL path.,是,observed up excess return available from 2026-03-31 close,DeepFinEval audit
B-EARN-CN_A-20260416-600519,贵州茅台（600519）发布财报，EPS 实际 14.13，一致预期 18.61，surprise -24.06%。,2026-04-17T07:00:00Z,https://static.cninfo.com.cn/finalpage/2026-04-17/1225114741.PDF,474905deeaf0f875fc0a1b097a626c0c7852c427faadc5d7fc7816cbf45ea288,Evidence URL contains a later publication date than seed release timestamp; first_public_at is pinned to the earliest date visible in the first-party URL path.,是,observed down excess return available from 2026-04-17 close,DeepFinEval audit
B-EARN-CN_A-20260430-000858,五粮液（000858）发布财报，EPS 实际 -3.27，一致预期 0.93，surprise -451.61%。,2026-04-30T07:00:00Z,https://static.cninfo.com.cn/finalpage/2026-04-30/1225273091.PDF,09133e1f44b3bb4b2cebe211529ad68f5b04b6be10b43870f2a78c947d5910a4,Missing official event evidence.,是,observed down excess return available from 2026-05-06 close,DeepFinEval audit
B-EARN-HK-20220518-0700,腾讯控股（0700）发布财报，EPS 实际 2.62，一致预期 2.81，surprise -6.70%。,2022-05-18T08:00:00Z,https://www1.hkexnews.hk/listedco/listconews/sehk/2022/0518/2022051800271.pdf,faaeecacf0aeb9db8af18b6c7a169fb8cdfbff71bb2ec63fc8307af5403c4020,Official event disclosure matched to the earnings announcement date.,是,observed down excess return available from 2022-05-19 close,DeepFinEval audit
B-EARN-HK-20220526-9988,阿里巴巴（9988）发布财报，EPS 实际 0.99，一致预期 0.92，surprise 7.61%。,2022-05-26T08:00:00Z,https://www1.hkexnews.hk/listedco/listconews/sehk/2022/0526/2022052601314.pdf,10e7717703d1f0f202c53ef1de8033a625638877a2c2bf49c96b756350aafd3d,Official event disclosure matched to the earnings announcement date.,是,observed up excess return available from 2022-05-27 close,DeepFinEval audit
B-EARN-HK-20220801-0005,汇丰控股（0005）发布财报，EPS 实际 0.33，一致预期 0.17，surprise 98.07%。,2022-08-01T08:00:00Z,https://www1.hkexnews.hk/listedco/listconews/sehk/2022/0801/2022080100633.pdf,ae8745529505bbf2449d1284c6713ae2d5b857a192795af41113715fa416636b,Official event disclosure matched to the earnings announcement date.,是,observed up excess return available from 2022-08-02 close,DeepFinEval audit
B-EARN-HK-20221116-0700,腾讯控股（0700）发布财报，EPS 实际 3.31，一致预期 2.99，surprise 10.56%。,2022-11-16T08:00:00Z,https://www1.hkexnews.hk/listedco/listconews/sehk/2022/1116/2022111600375.pdf,714a71e721b44e2103e0f9bae410f7f8a25340e717ec904f5716800776db2c19,Official event disclosure matched to the earnings announcement date.,是,observed up excess return available from 2022-11-17 close,DeepFinEval audit
B-EARN-HK-20221117-9988,阿里巴巴（9988）发布财报，EPS 实际 1.61，一致预期 1.34，surprise 20.11%。,2022-11-17T08:00:00Z,https://www1.hkexnews.hk/listedco/listconews/sehk/2022/1117/2022111700899.pdf,8e7a7d4aea06bfdd17f4b6af437c6fd53411c07e5fbcc063f5bb2b50bcaf2450,Official event disclosure matched to the earnings announcement date.,是,observed up excess return available from 2022-11-18 close,DeepFinEval audit
B-EARN-HK-20230220-0005,汇丰控股（0005）发布财报，EPS 实际 0.29，一致预期 0.2，surprise 49.97%。,2023-02-21T08:00:00Z,https://www1.hkexnews.hk/listedco/listconews/sehk/2023/0221/2023022100131.pdf,d4f2be163359b236b22f542a882bb4477b583365fa6cf2029446ebfe9ccb34a8,Official event disclosure matched to the earnings announcement date.,是,observed down excess return available from 2023-02-21 close,DeepFinEval audit
B-EARN-HK-20230223-9988,阿里巴巴（9988）发布财报，EPS 实际 2.41，一致预期 6.06，surprise -60.26%。,2023-02-23T08:00:00Z,https://www1.hkexnews.hk/listedco/listconews/sehk/2023/0223/2023022300853.pdf,b6d07031b147041dff86eec4aeabfda4c99dee08591499db99473f9e04418781,Official event disclosure matched to the earnings announcement date.,是,observed down excess return available from 2023-02-24 close,DeepFinEval audit
B-EARN-HK-20230322-0700,腾讯控股（0700）发布财报，EPS 实际 3.04，一致预期 3.03，surprise 0.50%。,2023-03-22T08:00:00Z,https://www1.hkexnews.hk/listedco/listconews/sehk/2023/0322/2023032200281.pdf,63a8000fc7006dc1e99332c523eb005d29eab53bf4b12ced7d65b4e91674d16f,Official event disclosure matched to the earnings announcement date.,是,observed up excess return available from 2023-03-23 close,DeepFinEval audit
B-EARN-HK-20230502-0005,汇丰控股（0005）发布财报，EPS 实际 0.37，一致预期 0.25，surprise 47.94%。,2023-05-02T08:00:00Z,https://www1.hkexnews.hk/listedco/listconews/sehk/2023/0502/2023050200617.pdf,f558b31f6a454b4a4e43a96d7807d71bd74f6193c969ae0b3d362f3c991c60a2,Official event disclosure matched to the earnings announcement date.,是,observed up excess return available from 2023-05-03 close,DeepFinEval audit
B-EARN-HK-20230517-0700,腾讯控股（0700）发布财报，EPS 实际 3.35，一致预期 3.25，surprise 3.05%。,2023-05-17T08:00:00Z,https://www1.hkexnews.hk/listedco/listconews/sehk/2023/0517/2023051700239.pdf,58dc377a97eaafdf77b96768d7a8a6c002e0a611500aa4d78075e28e30437b94,Official event disclosure matched to the earnings announcement date.,是,observed down excess return available from 2023-05-18 close,DeepFinEval audit
B-EARN-HK-20230801-0005,汇丰控股（0005）发布财报，EPS 实际 0.25，一致预期 0.31，surprise -18.49%。,2023-08-01T08:00:00Z,https://www1.hkexnews.hk/listedco/listconews/sehk/2023/0801/2023080100647.pdf,1c7b0677d719f3567e446b6ac035271a04b75381d14eafa4fbb34d54b1e23dda,Official event disclosure matched to the earnings announcement date.,是,observed down excess return available from 2023-08-02 close,DeepFinEval audit
B-EARN-HK-20230810-9988,阿里巴巴（9988）发布财报，EPS 实际 2.17，一致预期 1.97，surprise 10.15%。,2023-08-10T08:00:00Z,https://www1.hkexnews.hk/listedco/listconews/sehk/2023/0810/2023081000990.pdf,b0e65f35a680b5c72c67393547ea2364991bb0d82a36489cab2b8634a3948222,Official event disclosure matched to the earnings announcement date.,是,observed up excess return available from 2023-08-11 close,DeepFinEval audit
B-EARN-HK-20230816-0700,腾讯控股（0700）发布财报，EPS 实际 3.88，一致预期 3.75，surprise 3.46%。,2023-08-16T08:00:00Z,https://www1.hkexnews.hk/listedco/listconews/sehk/2023/0816/2023081600440.pdf,9c05b0819d43797dd35ce187fffc815740e50a9f9f9bedbcc708384f3f5b17ed,Official event disclosure matched to the earnings announcement date.,是,observed up excess return available from 2023-08-17 close,DeepFinEval audit
B-EARN-HK-20231030-0005,汇丰控股（0005）发布财报，EPS 实际 0.27，一致预期 0.3，surprise -10.89%。,2023-10-30T08:00:00Z,https://www1.hkexnews.hk/listedco/listconews/sehk/2023/1030/2023103000243.pdf,dd7f47a57b4f85e9f9c99adc6ca84f1004dca22d1a40c617a28b04bb3ac110ea,Official event disclosure matched to the earnings announcement date.,是,observed down excess return available from 2023-10-31 close,DeepFinEval audit
B-EARN-HK-20231115-0700,腾讯控股（0700）发布财报，EPS 实际 4.66，一致预期 4.2，surprise 10.76%。,2023-11-15T08:00:00Z,https://www1.hkexnews.hk/listedco/listconews/sehk/2023/1115/2023111500283.pdf,3a36bd73aebbd04742362b4a272f3cb650e3b8b9800e78848c26fc5a1eb471cf,Missing official event evidence.,是,observed up excess return available from 2023-11-16 close,DeepFinEval audit
B-EARN-HK-20231116-9988,阿里巴巴（9988）发布财报，EPS 实际 1.95，一致预期 1.86，surprise 4.62%。,2023-11-16T08:00:00Z,https://www1.hkexnews.hk/listedco/listconews/sehk/2023/1116/2023111600954.pdf,2271b32c4efe1d0be320a84cd387869676f853382d04e2c75094f337c0aa974c,Official event disclosure matched to the earnings announcement date.,是,observed down excess return available from 2023-11-17 close,DeepFinEval audit
B-EARN-HK-20240207-9988,阿里巴巴（9988）发布财报，EPS 实际 2.37，一致预期 2.41，surprise -1.70%。,2024-02-07T08:00:00Z,https://www1.hkexnews.hk/listedco/listconews/sehk/2024/0207/2024020700912.pdf,745fe99f0fccfbfdfd2e29cb9add73abc9c17e674a0c1ea9260dfcf44889a3f9,Missing official event evidence.,是,observed down excess return available from 2024-02-08 close,DeepFinEval audit
B-EARN-HK-20240221-0005,汇丰控股（0005）发布财报，EPS 实际 0.08，一致预期 0.24，surprise -68.85%。,2024-02-21T08:00:00Z,https://www1.hkexnews.hk/listedco/listconews/sehk/2024/0221/2024022100137.pdf,280d196e830ff9bf88c653bf8dcda06ef492abe57844408a597748e9e6922059,Missing official event evidence.,是,observed down excess return available from 2024-02-22 close,DeepFinEval audit
B-EARN-HK-20240320-0700,腾讯控股（0700）发布财报，EPS 实际 4.44，一致预期 4.42，surprise 0.58%。,2024-03-20T08:00:00Z,https://www1.hkexnews.hk/listedco/listconews/sehk/2024/0320/2024032000508.pdf,34aeefcbb09a5f939e604ce876bd42ffa0895d32f359a85ff4808da55e99e637,Missing official event evidence.,是,observed up excess return available from 2024-03-21 close,DeepFinEval audit
B-EARN-HK-20240430-0005,汇丰控股（0005）发布财报，EPS 实际 0.36，一致预期 0.33，surprise 7.37%。,2024-04-30T08:00:00Z,https://www1.hkexnews.hk/listedco/listconews/sehk/2024/0430/2024043000593.pdf,f509bbbc931385b37e85657b1f17ae389d33a477688f3e7e612bf437fe9cd7a1,Official event disclosure matched to the earnings announcement date.,是,observed up excess return available from 2024-05-02 close,DeepFinEval audit
B-EARN-HK-20240514-0700,腾讯控股（0700）发布财报，EPS 实际 5.26，一致预期 4.45，surprise 18.33%。,2024-05-14T08:00:00Z,https://www1.hkexnews.hk/listedco/listconews/sehk/2024/0514/2024051400293.pdf,2f9a5cb0389704914aaea4439e4cbf26ba2203cebe60a2255dc7520b88fe1431,Official event disclosure matched to the earnings announcement date.,是,observed up excess return available from 2024-05-16 close,DeepFinEval audit
B-EARN-HK-20240514-9988,阿里巴巴（9988）发布财报，EPS 实际 1.27，一致预期 1.34，surprise -5.28%。,2024-05-14T08:00:00Z,https://www1.hkexnews.hk/listedco/listconews/sehk/2024/0514/2024051400813.pdf,56ab5586e9554935eaa046a8b79f94dd55aaab8212273c0b466e8b093110d1a5,Official event disclosure matched to the earnings announcement date.,是,observed down excess return available from 2024-05-16 close,DeepFinEval audit
B-EARN-HK-20240731-0005,汇丰控股（0005）发布财报，EPS 实际 0.36，一致预期 0.32，surprise 11.91%。,2024-07-31T08:00:00Z,https://www1.hkexnews.hk/listedco/listconews/sehk/2024/0731/2024073100181.pdf,13afd153236a34b667307e2be6fcc5466b53b641809d28a6935b06d9345e1c0a,Missing official event evidence.,是,observed up excess return available from 2024-08-01 close,DeepFinEval audit
B-EARN-HK-20240814-0700,腾讯控股（0700）发布财报，EPS 实际 6.01，一致预期 5.13，surprise 17.15%。,2024-08-14T08:00:00Z,https://www1.hkexnews.hk/listedco/listconews/sehk/2024/0814/2024081400282.pdf,eae4d435efcb2d04ef4a34201577840ca1dc9f40e5b51a08d4e197fcf09e7449,Missing official event evidence.,是,observed down excess return available from 2024-08-15 close,DeepFinEval audit
B-EARN-HK-20240815-9988,阿里巴巴（9988）发布财报，EPS 实际 2.05，一致预期 4.37，surprise -53.11%。,2024-08-15T08:00:00Z,https://www1.hkexnews.hk/listedco/listconews/sehk/2024/0815/2024081501079.pdf,5b43e1f462110d0147270a2e0c0c6b5728bda4aeabec7c181e66dac4b94f3e30,Missing official event evidence.,是,observed up excess return available from 2024-08-16 close,DeepFinEval audit
B-EARN-HK-20241029-0005,汇丰控股（0005）发布财报，EPS 实际 0.35，一致预期 0.29，surprise 19.58%。,2024-10-29T08:00:00Z,https://www1.hkexnews.hk/listedco/listconews/sehk/2024/1029/2024102900157.pdf,4c478f4a7f0f6123f41122fc8bb40b27ea311a2ba2db47514ae3a3faec7cbaab,Official event disclosure matched to the earnings announcement date.,是,observed up excess return available from 2024-10-30 close,DeepFinEval audit
B-EARN-HK-20241113-0700,腾讯控股（0700）发布财报，EPS 实际 6.34，一致预期 5.7，surprise 11.17%。,2024-11-13T08:00:00Z,https://www1.hkexnews.hk/listedco/listconews/sehk/2024/1113/2024111300327.pdf,feb53a86353377b146a7a671e2e762368e399ae2ec0d8949f4f3709b438e6003,Official event disclosure matched to the earnings announcement date.,是,observed down excess return available from 2024-11-14 close,DeepFinEval audit
B-EARN-HK-20241115-9988,阿里巴巴（9988）发布财报，EPS 实际 1.88，一致预期 1.91，surprise -1.76%。,2024-11-15T08:00:00Z,https://www1.hkexnews.hk/listedco/listconews/sehk/2024/1115/2024111501175.pdf,61511d1fae8a05a761dbf7e03506d07d48358328b551b38f269a91959a0d9ad9,Official event disclosure matched to the earnings announcement date.,是,observed down excess return available from 2024-11-18 close,DeepFinEval audit
B-EARN-HK-20250218-0005,汇丰控股（0005）发布财报，EPS 实际 0.29，一致预期 0.21，surprise 38.76%。,2025-02-19T08:00:00Z,https://www1.hkexnews.hk/listedco/listconews/sehk/2025/0219/2025021900167.pdf,c2604e3de4d0abd75b5d0ba431f31598521eb605852b642132209eae2782c9a0,Official event disclosure matched to the earnings announcement date.,是,observed up excess return available from 2025-02-19 close,DeepFinEval audit
B-EARN-HK-20250220-9988,阿里巴巴（9988）发布财报，EPS 实际 2.67，一致预期 2.46，surprise 8.39%。,2025-02-20T08:00:00Z,https://www1.hkexnews.hk/listedco/listconews/sehk/2025/0220/2025022000639.pdf,423643d0071f1e025a438308e814ac25ae38c085f5cf62467a38a27f508a3257,Official event disclosure matched to the earnings announcement date.,是,observed up excess return available from 2025-02-21 close,DeepFinEval audit
B-EARN-HK-20250319-0700,腾讯控股（0700）发布财报，EPS 实际 5.91，一致预期 5.6，surprise 5.57%。,2025-03-19T08:00:00Z,https://www1.hkexnews.hk/listedco/listconews/sehk/2025/0319/2025031900336.pdf,f5d17a222c339cab559464b4d963e986dfd4ce9ca1338ce646c044567c7a1878,Official event disclosure matched to the earnings announcement date.,是,observed down excess return available from 2025-03-20 close,DeepFinEval audit
B-EARN-HK-20250429-0005,汇丰控股（0005）发布财报，EPS 实际 0.39，一致预期 0.33，surprise 16.77%。,2025-04-29T08:00:00Z,https://www1.hkexnews.hk/listedco/listconews/sehk/2025/0429/2025042900347.pdf,1de9d76c3af6edbb6a920b8fa9ceff9548c495c14203ddc04a9799f47a110956,Missing official event evidence.,是,observed up excess return available from 2025-04-30 close,DeepFinEval audit
B-EARN-HK-20250514-0700,腾讯控股（0700）发布财报，EPS 实际 6.58，一致预期 6.34，surprise 3.85%。,2025-05-14T08:00:00Z,https://www1.hkexnews.hk/listedco/listconews/sehk/2025/0514/2025051400273.pdf,d9dee97e3d430d859e276e21ae08b3876f321d429ece3a3acb26110af3bd49fd,Missing official event evidence.,是,observed up excess return available from 2025-05-15 close,DeepFinEval audit
B-EARN-HK-20250515-9988,阿里巴巴（9988）发布财报，EPS 实际 1.57，一致预期 1.53，surprise 2.49%。,2025-05-15T08:00:00Z,https://www1.hkexnews.hk/listedco/listconews/sehk/2025/0515/2025051500869.pdf,6bae5748c8ae9cf98be0f7fe6a779e635e937f3d33684e7423f398e418215c96,Missing official event evidence.,是,observed down excess return available from 2025-05-16 close,DeepFinEval audit
B-EARN-HK-20250730-0005,汇丰控股（0005）发布财报，EPS 实际 0.39，一致预期 0.33，surprise 16.77%。,2025-07-30T08:00:00Z,https://www1.hkexnews.hk/listedco/listconews/sehk/2025/0730/2025073000183.pdf,1a1b73d21a3bc02b4cd7185c004ae41fda6520744b19fad028394dcf0901aab3,Official event disclosure matched to the earnings announcement date.,是,observed down excess return available from 2025-07-31 close,DeepFinEval audit
B-EARN-HK-20250813-0700,腾讯控股（0700）发布财报，EPS 实际 6.79，一致预期 6.49，surprise 4.62%。,2025-08-13T08:00:00Z,https://www1.hkexnews.hk/listedco/listconews/sehk/2025/0813/2025081300261.pdf,9fdb0373b405d2beaecfe897e4b98ae0575b679803c61080c4d61a937f2f325a,Official event disclosure matched to the earnings announcement date.,是,observed up excess return available from 2025-08-14 close,DeepFinEval audit
B-EARN-HK-20250829-9988,阿里巴巴（9988）发布财报，EPS 实际 1.84，一致预期 1.88，surprise -1.88%。,2025-08-29T08:00:00Z,https://www1.hkexnews.hk/listedco/listconews/sehk/2025/0829/2025082901540.pdf,3ad77de2f03b192f49a1e49cddedf68a1ae60a9dcc8f5d3f5147a3b3971d4dfc,Official event disclosure matched to the earnings announcement date.,是,observed up excess return available from 2025-09-01 close,DeepFinEval audit
B-EARN-HK-20251028-0005,汇丰控股（0005）发布财报，EPS 实际 0.36，一致预期 0.34，surprise 5.26%。,2025-10-28T08:00:00Z,https://www1.hkexnews.hk/listedco/listconews/sehk/2025/1028/2025102800265.pdf,c201022805205a0a74e1096c89b4ad5ef6d353ee303142a73d34881e450549ba,Official event disclosure matched to the earnings announcement date.,是,observed up excess return available from 2025-10-30 close,DeepFinEval audit
B-EARN-HK-20251113-0700,腾讯控股（0700）发布财报，EPS 实际 7.58，一致预期 7.03，surprise 7.71%。,2025-11-13T08:00:00Z,https://www1.hkexnews.hk/listedco/listconews/sehk/2025/1113/2025111300286.pdf,2cfaa94023b11e842d898f23fb19fd9949af68c57630c61a4d47ae542cdaa4bf,Official event disclosure matched to the earnings announcement date.,是,observed down excess return available from 2025-11-14 close,DeepFinEval audit
B-EARN-HK-20251125-9988,阿里巴巴（9988）发布财报，EPS 实际 0.55，一致预期 0.73，surprise -25.09%。,2025-11-25T08:00:00Z,https://www1.hkexnews.hk/listedco/listconews/sehk/2025/1125/2025112501051.pdf,99efe41189d98138993f1e7943aa6cca1ab33ee504c1cfc30f65f4bad033c8f5,Official event disclosure matched to the earnings announcement date.,是,observed up excess return available from 2025-11-26 close,DeepFinEval audit
B-EARN-HK-20260225-0005,汇丰控股（0005）发布财报，EPS 实际 0.37，一致预期 0.28，surprise 31.91%。,2026-02-25T08:00:00Z,https://www1.hkexnews.hk/listedco/listconews/sehk/2026/0225/2026022500111.pdf,7c6aa1c7496c3382dc899391be4ced150afb0738517a71eeb0629bb5b6b3319a,Missing official event evidence.,是,observed up excess return available from 2026-02-26 close,DeepFinEval audit
B-EARN-HK-20260318-0700,腾讯控股（0700）发布财报，EPS 实际 6.97，一致预期 6.86，surprise 1.48%。,2026-03-18T08:00:00Z,https://www1.hkexnews.hk/listedco/listconews/sehk/2026/0318/2026031800388.pdf,b44ff0a1bf467361b70cc0046a5bd2245d927ce69e536d32ac883ea992640f3d,Missing official event evidence.,是,observed down excess return available from 2026-03-19 close,DeepFinEval audit
B-EARN-HK-20260319-9988,阿里巴巴（9988）发布财报，EPS 实际 0.89，一致预期 1.39，surprise -35.92%。,2026-03-19T08:00:00Z,https://www1.hkexnews.hk/listedco/listconews/sehk/2026/0319/2026031900801.pdf,6d155a0617c40327e773ccb5b9a8cf34516359f50fc1768b4c9764af135b3277,Missing official event evidence.,是,observed down excess return available from 2026-03-20 close,DeepFinEval audit
B-EARN-US-20220714-JPM,JPMorgan（JPM）发布财报，EPS 实际 2.76，一致预期 2.9，surprise -4.76%。,2022-07-14T20:00:00Z,https://www.sec.gov/Archives/edgar/data/19617/000001961722000412/jpm-20220714.htm,4cf2eb08c929a9c638f3fb6cba5cf9effb58b67f1d3513ea586b65b7707a72db,Official event disclosure matched to the earnings announcement date.,是,observed up excess return available from 2022-07-15 close,DeepFinEval audit
B-EARN-US-20220726-MSFT,Microsoft（MSFT）发布财报，EPS 实际 2.23，一致预期 2.29，surprise -2.69%。,2022-07-26T20:00:00Z,https://www.sec.gov/Archives/edgar/data/789019/000119312522202034/d372382d8k.htm,104640700871d16959922f4a9b26e528d862aee97280f25a2a89e22c2e10ea30,Official event disclosure matched to the earnings announcement date.,是,observed up excess return available from 2022-07-27 close,DeepFinEval audit
B-EARN-US-20220728-AAPL,Apple（AAPL）发布财报，EPS 实际 1.2，一致预期 1.15，surprise 3.93%。,2022-07-28T20:00:00Z,https://www.sec.gov/Archives/edgar/data/320193/000032019322000069/aapl-20220728.htm,2499c0c1d10f6fe8c3b74db49725f7bb8a336150d35b2d55ebad78cd86187524,Official event disclosure matched to the earnings announcement date.,是,observed up excess return available from 2022-07-29 close,DeepFinEval audit
B-EARN-US-20230113-JPM,JPMorgan（JPM）发布财报，EPS 实际 3.57，一致预期 3.1，surprise 15.04%。,2023-01-13T21:00:00Z,https://www.sec.gov/Archives/edgar/data/19617/000001961723000077/jpm-20230113.htm,8a22cd7f1cdb1e180314919ae72ccc51d18ded5c3ff6ae8b1c4caa354fb12560,Official event disclosure matched to the earnings announcement date.,是,observed up excess return available from 2023-01-17 close,DeepFinEval audit
B-EARN-US-20230124-MSFT,Microsoft（MSFT）发布财报，EPS 实际 2.32，一致预期 2.32，surprise 0.21%。,2023-01-24T21:00:00Z,https://www.sec.gov/Archives/edgar/data/789019/000119312523014230/d406070d8k.htm,40a2fe5444e4f904b67fe743b7b9439d9e4b784f56099301ae431d836b5cbad9,Official event disclosure matched to the earnings announcement date.,是,observed down excess return available from 2023-01-25 close,DeepFinEval audit
B-EARN-US-20230202-AAPL,Apple（AAPL）发布财报，EPS 实际 1.88，一致预期 1.95，surprise -3.78%。,2023-02-02T21:00:00Z,https://www.sec.gov/Archives/edgar/data/320193/000032019323000005/aapl-20230202.htm,03727dfef5936d5369bd5ac6d6d1a42bef86cb616ea4a18c7d588ab767b234b1,Official event disclosure matched to the earnings announcement date.,是,observed up excess return available from 2023-02-03 close,DeepFinEval audit
B-EARN-US-20230414-JPM,JPMorgan（JPM）发布财报，EPS 实际 4.1，一致预期 3.37，surprise 21.69%。,2023-04-14T20:00:00Z,https://www.sec.gov/Archives/edgar/data/19617/000001961723000297/jpm-20230414.htm,f3ccf3022ef03030af2276724c5ded036572e18d42b4054d6b4df4494b82010e,Official event disclosure matched to the earnings announcement date.,是,observed up excess return available from 2023-04-17 close,DeepFinEval audit
B-EARN-US-20230425-MSFT,Microsoft（MSFT）发布财报，EPS 实际 2.45，一致预期 2.23，surprise 9.77%。,2023-04-25T20:00:00Z,https://www.sec.gov/Archives/edgar/data/789019/000119312523115280/d321368d8k.htm,0655e9f8c4136cd5753a3780dfc1d5e3b1df38e3bdd619abe69717ae5b0756da,Official event disclosure matched to the earnings announcement date.,是,observed up excess return available from 2023-04-26 close,DeepFinEval audit
B-EARN-US-20230504-AAPL,Apple（AAPL）发布财报，EPS 实际 1.52，一致预期 1.43，surprise 6.37%。,2023-05-04T20:00:00Z,https://www.sec.gov/Archives/edgar/data/320193/000032019323000063/aapl-20230504.htm,558b1139b8c3d37b1faacf97d8d44d2c367f9b1acbcfe9a5ea22d721af341b75,Official event disclosure matched to the earnings announcement date.,是,observed up excess return available from 2023-05-05 close,DeepFinEval audit
B-EARN-US-20230714-JPM,JPMorgan（JPM）发布财报，EPS 实际 4.75，一致预期 3.76，surprise 26.46%。,2023-07-14T20:00:00Z,https://www.sec.gov/Archives/edgar/data/19617/000001961723000428/jpm-20230714.htm,480adff8840750447795394c18b8a038974f216c1ff5d2c81cf2aa748a6da113,Official event disclosure matched to the earnings announcement date.,是,observed up excess return available from 2023-07-17 close,DeepFinEval audit
B-EARN-US-20230725-MSFT,Microsoft（MSFT）发布财报，EPS 实际 2.69，一致预期 2.55，surprise 5.59%。,2023-07-25T20:00:00Z,https://www.sec.gov/Archives/edgar/data/789019/000095017023034400/msft-20230725.htm,17b55c8fa3f2f47e0923e1431192984643dc4175b082376dbaf25c3a10edc95d,Official event disclosure matched to the earnings announcement date.,是,observed down excess return available from 2023-07-26 close,DeepFinEval audit
B-EARN-US-20230803-AAPL,Apple（AAPL）发布财报，EPS 实际 1.26，一致预期 1.19，surprise 5.66%。,2023-08-03T20:00:00Z,https://www.sec.gov/Archives/edgar/data/320193/000032019323000075/aapl-20230803.htm,0beee77ed6003e18fd21b2f987a76190fc29776ec6aeae8ea66d0e6d7420926f,Official event disclosure matched to the earnings announcement date.,是,observed down excess return available from 2023-08-04 close,DeepFinEval audit
B-EARN-US-20231013-JPM,JPMorgan（JPM）发布财报，EPS 实际 4.33，一致预期 3.97，surprise 9.01%。,2023-10-13T20:00:00Z,https://www.sec.gov/Archives/edgar/data/19617/000001961723000510/jpm-20231013.htm,cb1f11a43bb1370a0e3ccccd1614ab757e5b5e1699089b6956d703572bc88693,Official event disclosure matched to the earnings announcement date.,是,observed up excess return available from 2023-10-16 close,DeepFinEval audit
B-EARN-US-20231024-MSFT,Microsoft（MSFT）发布财报，EPS 实际 2.99，一致预期 2.65，surprise 12.85%。,2023-10-24T20:00:00Z,https://www.sec.gov/Archives/edgar/data/789019/000095017023054848/msft-20231024.htm,111f838ecdaea1dd53b4e319c134ada05c8b275f58d88eb12a665053d4fdb76a,Official event disclosure matched to the earnings announcement date.,是,observed up excess return available from 2023-10-25 close,DeepFinEval audit
B-EARN-US-20231102-AAPL,Apple（AAPL）发布财报，EPS 实际 1.46，一致预期 1.39，surprise 4.93%。,2023-11-02T20:00:00Z,https://www.sec.gov/Archives/edgar/data/320193/000032019323000106/aapl-20230930.htm,bda1f34435199672c16ecdf2034c650872d2cac8399ed0d179fc25450b080b90,Missing official event evidence.,是,observed up excess return available from 2023-11-03 close,DeepFinEval audit
B-EARN-US-20240112-JPM,JPMorgan（JPM）发布财报，EPS 实际 3.04，一致预期 3.6，surprise -15.65%。,2024-01-12T21:00:00Z,https://www.sec.gov/Archives/edgar/data/19617/000001961724000049/jpm-20240112.htm,0a3b076676eaeb1991cc46baa1a9e687064028c0159ad9a80793768d5b479d2b,Missing official event evidence.,是,observed down excess return available from 2024-01-16 close,DeepFinEval audit
B-EARN-US-20240130-MSFT,Microsoft（MSFT）发布财报，EPS 实际 2.93，一致预期 2.77，surprise 5.83%。,2024-01-30T21:00:00Z,https://www.sec.gov/Archives/edgar/data/789019/000095017024008809/msft-20240130.htm,70034572e48a07a22990d0695b9df41549a495071a1085a1d6abfa53c40955ff,Missing official event evidence.,是,observed down excess return available from 2024-01-31 close,DeepFinEval audit
B-EARN-US-20240201-AAPL,Apple（AAPL）发布财报，EPS 实际 2.18，一致预期 2.11，surprise 3.55%。,2024-02-01T21:00:00Z,https://www.sec.gov/Archives/edgar/data/320193/000032019324000005/aapl-20240201.htm,a955f8afbc4f914c3bb45412ff4054e385a8e1bdd2d77491f2654c0a326cd73f,Missing official event evidence.,是,observed up excess return available from 2024-02-02 close,DeepFinEval audit
B-EARN-US-20240412-JPM,JPMorgan（JPM）发布财报，EPS 实际 4.44，一致预期 4.13，surprise 7.40%。,2024-04-12T20:00:00Z,https://www.sec.gov/Archives/edgar/data/19617/000001961724000318/jpm-20240412.htm,b3d887d44e46e19ddbbcd0879867fe90e4a55c9407e3304c84d6c8e9e2d6794e,Official event disclosure matched to the earnings announcement date.,是,observed down excess return available from 2024-04-15 close,DeepFinEval audit
B-EARN-US-20240425-MSFT,Microsoft（MSFT）发布财报，EPS 实际 2.94，一致预期 2.84，surprise 3.40%。,2024-04-25T20:00:00Z,https://www.sec.gov/Archives/edgar/data/789019/000095017024048268/msft-20240425.htm,b316975388673fbb8639518e8ac064d7473dff1c817bfa21c71bfb3008fa8662,Official event disclosure matched to the earnings announcement date.,是,observed down excess return available from 2024-04-26 close,DeepFinEval audit
B-EARN-US-20240502-AAPL,Apple（AAPL）发布财报，EPS 实际 1.53，一致预期 1.5，surprise 2.05%。,2024-05-02T20:00:00Z,https://www.sec.gov/Archives/edgar/data/320193/000032019324000067/aapl-20240502.htm,c36fe35420fc62f759d67b82165b0f93d26a42e9a30474cdda5fee003291b857,Official event disclosure matched to the earnings announcement date.,是,observed up excess return available from 2024-05-03 close,DeepFinEval audit
B-EARN-US-20240730-MSFT,Microsoft（MSFT）发布财报，EPS 实际 2.95，一致预期 2.94，surprise 0.23%。,2024-07-30T20:00:00Z,https://www.sec.gov/Archives/edgar/data/789019/000095017024087835/msft-20240730.htm,195a23beedb322c99c7ea41a8a212c971634047d548e0b7ce4d40555f69bbd87,Missing official event evidence.,是,observed down excess return available from 2024-07-31 close,DeepFinEval audit
B-EARN-US-20240801-AAPL,Apple（AAPL）发布财报，EPS 实际 1.4，一致预期 1.34，surprise 4.36%。,2024-08-01T20:00:00Z,https://www.sec.gov/Archives/edgar/data/320193/000032019324000080/aapl-20240801.htm,01fdeb386b37cd3f7961457fe5d309a6301c31f9c7d9361cc04d49775069e1b9,Missing official event evidence.,是,observed down excess return available from 2024-08-02 close,DeepFinEval audit
B-EARN-US-20241011-JPM,JPMorgan（JPM）发布财报，EPS 实际 4.37，一致预期 3.99，surprise 9.63%。,2024-10-11T20:00:00Z,https://www.sec.gov/Archives/edgar/data/19617/000001961724000558/jpm-20241011.htm,3ae9d2e0a745c78bae24696f08b05e47779ad86f84599a062dd4682dfb4a7db8,Official event disclosure matched to the earnings announcement date.,是,observed up excess return available from 2024-10-14 close,DeepFinEval audit
B-EARN-US-20241030-MSFT,Microsoft（MSFT）发布财报，EPS 实际 3.3，一致预期 3.11，surprise 6.13%。,2024-10-30T20:00:00Z,https://www.sec.gov/Archives/edgar/data/789019/000095017024118955/msft-20241030.htm,c573613e0efff5c0ae53906b8b3a8c46fa42304f642badfbc5cb0504fb0a5c91,Official event disclosure matched to the earnings announcement date.,是,observed down excess return available from 2024-10-31 close,DeepFinEval audit
B-EARN-US-20241031-AAPL,Apple（AAPL）发布财报，EPS 实际 0.97，一致预期 0.95，surprise 2.48%。,2024-10-31T20:00:00Z,https://www.sec.gov/Archives/edgar/data/320193/000032019324000120/aapl-20241031.htm,a971a9907cdebd66760426fc9fbd5beafa1331f55f92dcd040aa32603194afe6,Official event disclosure matched to the earnings announcement date.,是,observed down excess return available from 2024-11-01 close,DeepFinEval audit
B-EARN-US-20250115-JPM,JPMorgan（JPM）发布财报，EPS 实际 4.81，一致预期 4.04，surprise 19.18%。,2025-01-15T21:00:00Z,https://www.sec.gov/Archives/edgar/data/19617/000001961725000042/jpm-20250115.htm,7eedce36e15ba2f9ab3c3775246997f315adca32d32f97b4d010682d158c981b,Official event disclosure matched to the earnings announcement date.,是,observed up excess return available from 2025-01-16 close,DeepFinEval audit
B-EARN-US-20250129-MSFT,Microsoft（MSFT）发布财报，EPS 实际 3.23，一致预期 3.12，surprise 3.47%。,2025-01-29T21:00:00Z,https://www.sec.gov/Archives/edgar/data/789019/000095017025010484/msft-20250129.htm,16dda0442a395c514716274c4cc7736c2a2790ec28bf4de65d9b14650932ee1e,Official event disclosure matched to the earnings announcement date.,是,observed down excess return available from 2025-01-30 close,DeepFinEval audit
B-EARN-US-20250130-AAPL,Apple（AAPL）发布财报，EPS 实际 2.4，一致预期 2.34，surprise 2.52%。,2025-01-30T21:00:00Z,https://www.sec.gov/Archives/edgar/data/320193/000032019325000007/aapl-20250130.htm,f8c691803289773c61cd14a59e5c15e989377a929218cc27c9b8895e005a5cb0,Official event disclosure matched to the earnings announcement date.,是,observed down excess return available from 2025-01-31 close,DeepFinEval audit
B-EARN-US-20250411-JPM,JPMorgan（JPM）发布财报，EPS 实际 5.07，一致预期 4.64，surprise 9.15%。,2025-04-11T20:00:00Z,https://www.sec.gov/Archives/edgar/data/19617/000001961725000334/jpm-20250411.htm,d8998c934deb402fc9538edcae37c4b4866214ec8b4d46b23a6dc65e7b85cd85,Official event disclosure matched to the earnings announcement date.,是,observed up excess return available from 2025-04-14 close,DeepFinEval audit
B-EARN-US-20250430-MSFT,Microsoft（MSFT）发布财报，EPS 实际 3.46，一致预期 3.22，surprise 7.40%。,2025-04-30T20:00:00Z,https://www.sec.gov/Archives/edgar/data/789019/000095017025061032/msft-20250430.htm,def1542b41b448924e8096cf423ea09097ee3e90fef10f5cf234b3a670c00781,Missing official event evidence.,是,observed up excess return available from 2025-05-01 close,DeepFinEval audit
B-EARN-US-20250501-AAPL,Apple（AAPL）发布财报，EPS 实际 1.65，一致预期 1.62，surprise 1.69%。,2025-05-01T20:00:00Z,https://www.sec.gov/Archives/edgar/data/320193/000032019325000055/aapl-20250501.htm,1ea2dd64136c1ebc4e2b87c573ee8797f0091b5e0b46215c0c1daf51c3099ecb,Missing official event evidence.,是,observed down excess return available from 2025-05-02 close,DeepFinEval audit
B-EARN-US-20250715-JPM,JPMorgan（JPM）发布财报，EPS 实际 4.96，一致预期 4.48，surprise 10.62%。,2025-07-15T20:00:00Z,https://www.sec.gov/Archives/edgar/data/19617/000001961725000518/jpm-20250715.htm,a3876401494109f31af84c6e389a19ad6f078e919d73d60aebb8b417e72aa88b,Missing official event evidence.,是,observed down excess return available from 2025-07-16 close,DeepFinEval audit
B-EARN-US-20250730-MSFT,Microsoft（MSFT）发布财报，EPS 实际 3.65，一致预期 3.38，surprise 8.09%。,2025-07-30T20:00:00Z,https://www.sec.gov/Archives/edgar/data/789019/000095017025100226/msft-20250730.htm,2b6e1ff764c01ed0b6ee708cad6f222d77b8bacd75f485234c1dcc8f90223982,Official event disclosure matched to the earnings announcement date.,是,observed up excess return available from 2025-07-31 close,DeepFinEval audit
B-EARN-US-20250731-AAPL,Apple（AAPL）发布财报，EPS 实际 1.57，一致预期 1.43，surprise 10.12%。,2025-07-31T20:00:00Z,https://www.sec.gov/Archives/edgar/data/320193/000032019325000071/aapl-20250731.htm,235b558e3558f888ff7d6db3d151e2c0439a9fe7d22adb5275667546ce898bf9,Official event disclosure matched to the earnings announcement date.,是,observed down excess return available from 2025-08-01 close,DeepFinEval audit
B-EARN-US-20251014-JPM,JPMorgan（JPM）发布财报，EPS 实际 5.07，一致预期 4.87，surprise 4.01%。,2025-10-14T20:00:00Z,https://www.sec.gov/Archives/edgar/data/19617/000162828025044887/jpm-20251014.htm,75b517f4cf38bc7d900c2fdeeb5e50cd390efb409d210e32de1a2e0459cdab01,Official event disclosure matched to the earnings announcement date.,是,observed down excess return available from 2025-10-15 close,DeepFinEval audit
B-EARN-US-20251029-MSFT,Microsoft（MSFT）发布财报，EPS 实际 4.13，一致预期 3.66，surprise 12.73%。,2025-10-29T20:00:00Z,https://www.sec.gov/Archives/edgar/data/789019/000119312525256310/msft-20251028.htm,895ca197eb05686f88ab2fc051759a836e6b958ab3f841f3f1ba6a352a52f777,Official event disclosure matched to the earnings announcement date.,是,observed down excess return available from 2025-10-30 close,DeepFinEval audit
B-EARN-US-20251030-AAPL,Apple（AAPL）发布财报，EPS 实际 1.85，一致预期 1.77，surprise 4.52%。,2025-10-30T20:30:35Z,https://www.sec.gov/Archives/edgar/data/320193/000032019325000077/a8-kex991q4202509272025.htm,cb1251d269cdd6be172df60966044d714dee2cc811945f121c59c591a2db4d70,Official event disclosure matched to the earnings announcement date.,是,observed up excess return available from 2025-10-31 close,DeepFinEval audit
B-EARN-US-20260113-JPM,JPMorgan（JPM）发布财报，EPS 实际 4.63，一致预期 4.82，surprise -3.91%。,2026-01-13T21:00:00Z,https://www.sec.gov/Archives/edgar/data/19617/000162828026001902/jpm-20260113.htm,69381dc93e670019b0fe51645824ec248608df49d2d8c3e1eddf009b3e96de73,Missing official event evidence.,是,observed down excess return available from 2026-01-14 close,DeepFinEval audit
B-EARN-US-20260128-MSFT,Microsoft（MSFT）发布财报，EPS 实际 4.14，一致预期 3.92，surprise 5.69%。,2026-01-28T21:00:00Z,https://www.sec.gov/Archives/edgar/data/789019/000119312526027207/msft-20251231.htm,a60bb6a0747938e4903d5b30f2c73fec2e58cb09edeb34dbacb2c84b19bc448d,Missing official event evidence.,是,observed down excess return available from 2026-01-29 close,DeepFinEval audit
B-EARN-US-20260129-AAPL,Apple（AAPL）发布财报，EPS 实际 2.84，一致预期 2.67，surprise 6.34%。,2026-01-29T21:00:00Z,https://www.sec.gov/Archives/edgar/data/320193/000032019326000005/aapl-20260129.htm,301f942f215a4d3a4f1cafa2d0149942a15b79ee87abbf6a63e661038a660a9a,Missing official event evidence.,是,observed up excess return available from 2026-01-30 close,DeepFinEval audit
B-EARN-US-20260414-JPM,JPMorgan（JPM）发布财报，EPS 实际 5.94，一致预期 5.51，surprise 7.78%。,2026-04-14T20:00:00Z,https://www.sec.gov/Archives/edgar/data/19617/000162828026025013/jpm-20260414.htm,2507250d66160397e5cf213579ec095f9279000e71fb08b75a226d8246d4dc1d,Official event disclosure matched to the earnings announcement date.,是,observed down excess return available from 2026-04-15 close,DeepFinEval audit
B-EARN-US-20260429-MSFT,Microsoft（MSFT）发布财报，EPS 实际 4.27，一致预期 4.07，surprise 4.90%。,2026-04-29T20:00:00Z,https://www.sec.gov/Archives/edgar/data/789019/000119312526191457/msft-20260429.htm,89affc05f64dfba4be06fbde2f7528eb4f6ffa795ac0bb510e5a2e1c79168feb,Official event disclosure matched to the earnings announcement date.,是,observed down excess return available from 2026-04-30 close,DeepFinEval audit
B-EARN-US-20260430-AAPL,Apple（AAPL）发布财报，EPS 实际 2.01，一致预期 1.94，surprise 3.46%。,2026-04-30T20:00:00Z,https://www.sec.gov/Archives/edgar/data/320193/000032019326000011/aapl-20260430.htm,d41d9fd1203ebc6cefdeb027f81627994a0f3392e6cc76aaccfd00bf5261060b,Official event disclosure matched to the earnings announcement date.,是,observed up excess return available from 2026-05-01 close,DeepFinEval audit
B-MACRO-CN_A-20241018-GDP-601398,国家统计局公布2024年前三季度GDP同比增长4.8%，其中第三季度同比增长4.6%、环比增长0.9%。,2024-10-18T02:00:00Z,https://www.stats.gov.cn/zwfwck/sjfb/202410/t20241018_1957044.html,1ba0684aa174c070d90c664a68b7b742326f49d612e77706a3946e816046630e,Missing official event evidence.,是,observed up excess return available from 2024-10-18 close,DeepFinEval audit
B-MACRO-CN_A-20241109-CPI-601318,国家统计局公布2024年10月CPI：同比上涨0.3%，环比下降0.3%。,2024-11-09T01:30:00Z,https://www.stats.gov.cn/sj/zxfb/202411/t20241109_1957353.html,384012d93bc45eaeb07837c2dd2793281a766aa879b1a2cacf331cdcc9ac28a1,Missing official event evidence.,是,observed down excess return available from 2024-11-11 close,DeepFinEval audit
B-MACRO-CN_A-20241130-PMI-300750,国家统计局公布2024年11月制造业PMI为50.3%，比上月上升0.2个百分点。,2024-11-30T01:30:00Z,https://www.stats.gov.cn/sj/zxfb/202411/t20241130_1957624.html,02757871f581c935114c4556119c4dbd17be18bf75c4eaaa690a1d6152a2d60f,Missing official event evidence.,是,observed up excess return available from 2024-12-02 close,DeepFinEval audit
B-MACRO-CN_A-20250109-CPI-600519,国家统计局公布2024年12月CPI，反映内需与价格修复节奏。,2025-01-09T01:30:00Z,https://www.stats.gov.cn/sj/zxfb/202501/t20250109_1958170.html,,Official event URL present but fetch failed: The read operation timed out,否,observed up excess return available from 2025-01-09 close,DeepFinEval audit
B-MACRO-CN_A-20250127-PMI-601318,国家统计局公布2025年1月制造业PMI，数据用于观察景气扩张强度。,2025-01-27T01:30:00Z,https://www.stats.gov.cn/sj/zxfb/202501/t20250127_1958493.html,,Official event URL present but fetch failed: The read operation timed out,否,observed down excess return available from 2025-01-27 close,DeepFinEval audit
B-MACRO-HK-20241031-GDP-0700,香港政府统计处公布2024年第三季GDP初步估计：实质同比增长1.8%，前三季合计增长2.6%。,2024-10-31T08:30:00Z,https://www.info.gov.hk/gia/general/202410/31/P2024103100273.htm,6413278ec4086cf8e9181ad8a818436ee8ad9d039677c7e4e70bde1eaef0b75d,Missing official event evidence.,是,observed up excess return available from 2024-11-01 close,DeepFinEval audit
B-MACRO-HK-20241121-CPI-0005,香港政府统计处公布2024年10月综合消费物价指数同比上涨1.4%。,2024-11-21T08:30:00Z,https://www.info.gov.hk/gia/general/202411/21/P2024112100285.htm,be7dfad65f87067ada43f7e235b8727b3aa80e8348a75d98065b07a57b04e663,Missing official event evidence.,是,observed down excess return available from 2024-11-22 close,DeepFinEval audit
B-MACRO-HK-20250123-CPI-1299,香港政府统计处公布2024年12月综合消费物价指数。,2025-01-21T08:30:00Z,https://www.info.gov.hk/gia/general/202501/21/P2025012100279.htm,2276cd3d08e5815961ee23d5d173eef181773a60982558563d661a9ef340be7b,香港政府新闻公报 2025-01-21 16:30（Asia/Hong_Kong）发布 2024 年 12 月消费物价指数。,是,observed down excess return available from 2025-01-24 close,DeepFinEval audit
B-MACRO-HK-20250131-GDP-0700,香港政府统计处公布最新季度GDP初步估计。,2025-02-03T08:30:00Z,https://www.info.gov.hk/gia/general/202502/03/P2025020300248.htm,0ed31b0b01943f5bd9ef6018141afd5630fc23dbe2b30eb74ea5431678cb518a,香港政府新闻公报 2025-02-03 16:30（Asia/Hong_Kong）发布 2024 年第四季及全年 GDP 预先估计。,是,observed up excess return available from 2025-02-03 close,DeepFinEval audit
B-MACRO-US-20240911-CPI-JPM,美国劳工统计局公布2024年8月CPI：季调环比上涨0.2%，未季调同比上涨2.5%。,2024-09-11T12:30:00Z,https://www.bls.gov/news.release/archives/cpi_09112024.htm,,Official event URL present but fetch failed: HTTP Error 403: Forbidden,否,observed up excess return available from 2024-09-11 close,DeepFinEval audit
B-MACRO-US-20241101-NFP-JPM,美国劳工统计局公布2024年10月就业形势：非农就业增加1.2万人，失业率为4.1%。,2024-11-01T12:30:00Z,https://www.bls.gov/news.release/archives/empsit_11012024.htm,,Official event URL present but fetch failed: HTTP Error 403: Forbidden,否,observed up excess return available from 2024-11-01 close,DeepFinEval audit
B-MACRO-US-20250115-CPI-AAPL,美国劳工统计局公布2024年12月CPI，市场关注通胀与利率路径变化。,2025-01-15T13:30:00Z,https://www.bls.gov/news.release/archives/cpi_01152025.htm,,Official event URL present but fetch failed: HTTP Error 403: Forbidden,否,observed up excess return available from 2025-01-15 close,DeepFinEval audit
B-MACRO-US-20250207-NFP-MSFT,美国劳工统计局公布2025年1月就业形势，非农就业与失业率数据影响风险偏好。,2025-02-07T13:30:00Z,https://www.bls.gov/news.release/archives/empsit_02072025.htm,,Official event URL present but fetch failed: HTTP Error 403: Forbidden,否,observed down excess return available from 2025-02-07 close,DeepFinEval audit
